-- phpMyAdmin SQL Dump
-- version 5.2.1
-- https://www.phpmyadmin.net/
--
-- 主機： 127.0.0.1
-- 產生時間： 2026-04-02 18:11:52
-- 伺服器版本： 10.4.32-MariaDB
-- PHP 版本： 8.2.12

SET SQL_MODE = "NO_AUTO_VALUE_ON_ZERO";
START TRANSACTION;
SET time_zone = "+00:00";


/*!40101 SET @OLD_CHARACTER_SET_CLIENT=@@CHARACTER_SET_CLIENT */;
/*!40101 SET @OLD_CHARACTER_SET_RESULTS=@@CHARACTER_SET_RESULTS */;
/*!40101 SET @OLD_COLLATION_CONNECTION=@@COLLATION_CONNECTION */;
/*!40101 SET NAMES utf8mb4 */;

--
-- 資料庫： `messenger`
--

-- --------------------------------------------------------

--
-- 資料表結構 `reactions`
--

CREATE TABLE `reactions` (
  `id` int(11) NOT NULL,
  `user_id` int(11) NOT NULL,
  `story_id` int(11) NOT NULL,
  `emoji_id` tinyint(1) NOT NULL COMMENT '0=沒按, 1=emoji1, 2=emoji2, 3=emoji3'
) ENGINE=InnoDB DEFAULT CHARSET=utf8mb4 COLLATE=utf8mb4_general_ci;

--
-- 傾印資料表的資料 `reactions`
--

INSERT INTO `reactions` (`id`, `user_id`, `story_id`, `emoji_id`) VALUES
(1, 1, 44, 1),
(2, 1, 20, 2),
(3, 1, 49, 1),
(4, 1, 34, 1),
(5, 1, 31, 3),
(6, 1, 48, 2),
(7, 1, 7, 1),
(8, 1, 8, 3),
(9, 1, 24, 3),
(10, 1, 9, 3),
(11, 1, 15, 2),
(12, 1, 45, 3),
(13, 1, 43, 2),
(14, 1, 5, 2),
(15, 1, 1, 2),
(16, 1, 30, 2),
(17, 1, 11, 3),
(18, 1, 22, 1),
(19, 1, 41, 3),
(20, 1, 25, 3),
(21, 1, 6, 2),
(22, 1, 13, 1),
(23, 1, 33, 3),
(24, 1, 14, 3),
(25, 1, 10, 1),
(26, 1, 37, 1),
(27, 1, 38, 3),
(28, 1, 35, 2),
(29, 1, 4, 1),
(30, 1, 36, 2),
(31, 1, 16, 2),
(32, 1, 28, 2),
(33, 1, 47, 2),
(34, 1, 17, 2),
(35, 1, 3, 2),
(36, 2, 46, 3),
(37, 2, 36, 1),
(38, 2, 31, 1),
(39, 2, 12, 3),
(40, 2, 24, 2),
(41, 2, 48, 1),
(42, 2, 4, 2),
(43, 2, 50, 3),
(44, 2, 10, 2),
(45, 2, 23, 1),
(46, 2, 38, 1),
(47, 2, 22, 1),
(48, 2, 3, 1),
(49, 2, 26, 3),
(50, 2, 43, 2),
(51, 2, 47, 2),
(52, 2, 15, 1),
(53, 2, 1, 3),
(54, 2, 9, 1),
(55, 2, 40, 2),
(56, 2, 35, 3),
(57, 2, 14, 3),
(58, 2, 2, 1),
(59, 2, 11, 3),
(60, 2, 32, 2),
(61, 2, 6, 1),
(62, 2, 13, 3),
(63, 2, 25, 1),
(64, 2, 19, 2),
(65, 2, 8, 3),
(66, 2, 30, 3),
(67, 2, 21, 2),
(68, 2, 18, 2),
(69, 2, 37, 1),
(70, 2, 45, 3),
(71, 3, 10, 3),
(72, 3, 15, 3),
(73, 3, 30, 2),
(74, 3, 29, 2),
(75, 3, 13, 1),
(76, 3, 2, 3),
(77, 3, 46, 1),
(78, 3, 4, 1),
(79, 3, 16, 2),
(80, 3, 32, 2),
(81, 3, 14, 2),
(82, 3, 33, 1),
(83, 3, 26, 1),
(84, 3, 31, 2),
(85, 3, 44, 3),
(86, 3, 45, 1),
(87, 3, 5, 2),
(88, 3, 8, 3),
(89, 3, 17, 3),
(90, 3, 50, 3),
(91, 3, 39, 1),
(92, 3, 24, 1),
(93, 3, 21, 1),
(94, 3, 6, 3),
(95, 3, 41, 2),
(96, 3, 11, 1),
(97, 3, 43, 2),
(98, 3, 18, 3),
(99, 3, 49, 1),
(100, 3, 48, 3),
(186, 7, 1, 2),
(187, 7, 3, 1),
(188, 7, 4, 3),
(189, 7, 5, 2),
(190, 7, 6, 1),
(191, 7, 7, 3),
(192, 7, 8, 2),
(193, 7, 9, 1),
(194, 7, 10, 3),
(195, 7, 11, 2),
(196, 7, 12, 1),
(197, 7, 13, 3),
(198, 7, 14, 2),
(199, 7, 15, 1),
(200, 7, 16, 3),
(201, 7, 17, 2),
(202, 7, 18, 1),
(203, 7, 19, 3),
(204, 7, 20, 2),
(205, 7, 21, 1),
(206, 7, 22, 3),
(207, 7, 23, 2),
(208, 7, 24, 1),
(209, 7, 25, 3),
(210, 7, 26, 2),
(211, 7, 27, 1),
(212, 7, 28, 3),
(213, 7, 29, 2),
(214, 7, 30, 1),
(215, 7, 31, 3),
(216, 7, 32, 2),
(217, 7, 33, 1),
(218, 7, 34, 3),
(219, 7, 35, 2),
(220, 8, 1, 1),
(221, 8, 3, 2),
(222, 8, 4, 3),
(223, 8, 5, 1),
(224, 8, 6, 2),
(225, 8, 7, 1),
(226, 8, 8, 3),
(227, 8, 9, 2),
(228, 8, 10, 1),
(229, 8, 11, 3),
(230, 8, 12, 2),
(231, 8, 13, 1),
(232, 8, 14, 3),
(233, 8, 15, 2),
(234, 8, 16, 1),
(235, 8, 17, 3),
(236, 8, 18, 2),
(237, 8, 19, 1),
(238, 8, 20, 3),
(239, 8, 21, 2),
(240, 8, 22, 1),
(241, 8, 23, 3),
(242, 8, 24, 2),
(243, 8, 25, 1),
(244, 8, 26, 3),
(245, 8, 27, 2),
(246, 8, 28, 1),
(247, 8, 29, 3),
(248, 8, 30, 2),
(249, 8, 31, 1),
(250, 8, 32, 3),
(251, 8, 33, 2),
(252, 8, 34, 1),
(253, 8, 36, 3),
(254, 9, 1, 2),
(255, 9, 2, 1),
(256, 9, 4, 3),
(257, 9, 5, 2),
(258, 9, 6, 1),
(259, 9, 7, 3),
(260, 9, 8, 2),
(261, 9, 9, 1),
(262, 9, 10, 3),
(263, 9, 11, 2),
(264, 9, 12, 1),
(265, 9, 13, 3),
(266, 9, 14, 2),
(267, 9, 15, 1),
(268, 9, 16, 3),
(269, 9, 17, 2),
(270, 9, 18, 1),
(271, 9, 19, 3),
(272, 9, 20, 2),
(273, 9, 21, 1),
(274, 9, 22, 3),
(275, 9, 23, 2),
(276, 9, 24, 1),
(277, 9, 25, 3),
(278, 9, 26, 2),
(279, 9, 27, 1),
(280, 9, 28, 3),
(281, 9, 29, 2),
(282, 9, 30, 1),
(283, 9, 31, 3),
(284, 9, 32, 2),
(285, 9, 33, 1),
(286, 9, 34, 3),
(287, 9, 36, 2),
(288, 10, 1, 3),
(289, 10, 2, 1),
(290, 10, 3, 2),
(291, 10, 5, 3),
(292, 10, 6, 2),
(293, 10, 7, 1),
(294, 10, 8, 3),
(295, 10, 9, 2),
(296, 10, 10, 1),
(297, 10, 11, 3),
(298, 10, 12, 2),
(299, 10, 13, 1),
(300, 10, 14, 3),
(301, 10, 15, 2),
(302, 10, 16, 1),
(303, 10, 17, 3),
(304, 10, 18, 2),
(305, 10, 19, 1),
(306, 10, 20, 3),
(307, 10, 21, 2),
(308, 10, 22, 1),
(309, 10, 23, 3),
(310, 10, 24, 2),
(311, 10, 25, 1),
(312, 10, 26, 3),
(313, 10, 27, 2),
(314, 10, 28, 1),
(315, 10, 29, 3),
(316, 10, 30, 2),
(317, 10, 31, 1),
(318, 10, 32, 3),
(319, 10, 33, 2),
(320, 10, 34, 1),
(321, 10, 36, 3),
(322, 11, 6, 2),
(323, 11, 14, 1),
(324, 11, 3, 3),
(325, 11, 17, 2),
(326, 11, 9, 1),
(327, 11, 26, 3),
(328, 11, 19, 2),
(329, 11, 20, 1),
(330, 11, 4, 3),
(331, 11, 12, 2),
(332, 11, 1, 3),
(333, 11, 21, 2),
(334, 11, 28, 1),
(335, 11, 15, 3),
(336, 11, 22, 2),
(337, 11, 33, 1),
(338, 11, 30, 3),
(339, 11, 13, 2),
(340, 11, 16, 1),
(341, 11, 25, 3),
(342, 11, 5, 2),
(343, 11, 18, 3),
(344, 11, 35, 1),
(345, 11, 50, 2),
(346, 11, 31, 3),
(347, 11, 29, 1),
(348, 11, 23, 2),
(349, 11, 34, 3),
(350, 11, 7, 1),
(351, 11, 8, 3),
(352, 11, 24, 2),
(353, 12, 7, 2),
(354, 12, 1, 3),
(355, 12, 16, 2),
(356, 12, 18, 1),
(357, 12, 8, 3),
(358, 12, 26, 2),
(359, 12, 3, 1),
(360, 12, 29, 2),
(361, 12, 12, 3),
(362, 12, 9, 1),
(363, 12, 13, 2),
(364, 12, 10, 3),
(365, 12, 5, 1),
(366, 12, 21, 2),
(367, 12, 15, 3),
(368, 12, 33, 2),
(369, 12, 4, 1),
(370, 12, 14, 3),
(371, 12, 32, 1),
(372, 12, 19, 2),
(373, 12, 17, 1),
(374, 12, 25, 3),
(375, 12, 11, 2),
(376, 12, 35, 3),
(377, 12, 22, 1),
(378, 12, 30, 2),
(379, 12, 50, 3),
(380, 12, 27, 1),
(381, 12, 24, 2),
(382, 12, 34, 3),
(383, 13, 10, 1),
(384, 13, 2, 3),
(385, 13, 8, 2),
(386, 13, 12, 1),
(387, 13, 19, 2),
(388, 13, 26, 1),
(389, 13, 5, 3),
(390, 13, 20, 2),
(391, 13, 7, 1),
(392, 13, 21, 3),
(393, 13, 25, 2),
(394, 13, 9, 1),
(395, 13, 30, 3),
(396, 13, 27, 2),
(397, 13, 1, 3),
(398, 13, 24, 2),
(399, 13, 22, 1),
(400, 13, 17, 3),
(401, 13, 35, 2),
(402, 13, 4, 1),
(403, 13, 29, 3),
(404, 13, 33, 1),
(405, 13, 50, 2),
(406, 13, 16, 3),
(407, 13, 18, 2),
(408, 13, 23, 1),
(409, 13, 34, 3),
(410, 13, 28, 1),
(411, 13, 14, 2),
(412, 13, 6, 3),
(413, 14, 11, 3),
(414, 14, 30, 2),
(415, 14, 13, 1),
(416, 14, 1, 2),
(417, 14, 8, 3),
(418, 14, 26, 2),
(419, 14, 22, 1),
(420, 14, 15, 3),
(421, 14, 33, 2),
(422, 14, 9, 1),
(423, 14, 28, 2),
(424, 14, 7, 1),
(425, 14, 19, 3),
(426, 14, 16, 1),
(427, 14, 3, 2),
(428, 14, 6, 1),
(429, 14, 17, 3),
(430, 14, 29, 2),
(431, 14, 32, 1),
(432, 14, 18, 3),
(433, 14, 35, 2),
(434, 14, 25, 1),
(435, 14, 12, 3),
(436, 14, 4, 2),
(437, 14, 31, 1),
(438, 14, 34, 3),
(439, 14, 50, 2),
(440, 14, 23, 1),
(441, 14, 20, 3),
(442, 14, 24, 2),
(443, 15, 6, 3),
(444, 15, 28, 1),
(445, 15, 2, 3),
(446, 15, 13, 2),
(447, 15, 24, 1),
(448, 15, 10, 3),
(449, 15, 22, 2),
(450, 15, 8, 1),
(451, 15, 9, 3),
(452, 15, 25, 2),
(453, 15, 11, 3),
(454, 15, 32, 1),
(455, 15, 7, 2),
(456, 15, 30, 1),
(457, 15, 19, 2),
(458, 15, 18, 3),
(459, 15, 29, 2),
(460, 15, 3, 1),
(461, 15, 12, 3),
(462, 15, 27, 2),
(463, 15, 34, 1),
(464, 15, 35, 3),
(465, 15, 33, 2),
(466, 15, 5, 1),
(467, 15, 14, 3),
(468, 15, 16, 2),
(469, 15, 50, 1),
(470, 15, 31, 3),
(471, 15, 4, 2),
(472, 15, 20, 1),
(473, 15, 21, 3),
(474, 16, 25, 3),
(475, 16, 12, 1),
(476, 16, 9, 2),
(477, 16, 10, 3),
(478, 16, 29, 1),
(479, 16, 6, 2),
(480, 16, 19, 3),
(481, 16, 13, 2),
(482, 16, 7, 1),
(483, 16, 14, 3),
(484, 16, 22, 2),
(485, 16, 18, 1),
(486, 16, 4, 2),
(487, 16, 20, 3),
(488, 16, 17, 1),
(489, 16, 21, 3),
(490, 16, 27, 2),
(491, 16, 3, 1),
(492, 16, 8, 3),
(493, 16, 16, 2),
(494, 16, 23, 1),
(495, 16, 5, 3),
(496, 16, 28, 1),
(497, 16, 35, 2),
(498, 16, 33, 3),
(499, 16, 24, 1),
(500, 16, 30, 2),
(501, 16, 34, 3),
(502, 17, 3, 1),
(503, 17, 7, 3),
(504, 17, 5, 2),
(505, 17, 11, 1),
(506, 17, 2, 3),
(507, 17, 13, 2),
(508, 17, 6, 1),
(509, 17, 15, 3),
(510, 17, 8, 2),
(511, 17, 4, 1),
(512, 17, 9, 3),
(513, 17, 10, 2),
(514, 17, 12, 1),
(515, 17, 14, 3),
(516, 17, 19, 2),
(517, 17, 20, 1),
(518, 17, 21, 3),
(519, 17, 25, 2),
(520, 17, 22, 1),
(521, 17, 26, 3),
(522, 17, 16, 2),
(523, 17, 23, 1),
(524, 17, 27, 3),
(525, 17, 17, 2),
(526, 17, 30, 1),
(527, 17, 28, 3),
(528, 17, 33, 2),
(529, 17, 18, 1),
(530, 17, 32, 3),
(531, 17, 35, 2),
(532, 17, 34, 1),
(533, 17, 36, 3),
(534, 17, 50, 2),
(535, 17, 29, 1),
(536, 17, 31, 3),
(537, 17, 40, 2),
(538, 18, 10, 1),
(539, 18, 16, 3),
(540, 18, 3, 2),
(541, 18, 7, 1),
(542, 18, 13, 3),
(543, 18, 6, 2),
(544, 18, 2, 1),
(545, 18, 19, 3),
(546, 18, 9, 2),
(547, 18, 8, 1),
(548, 18, 14, 3),
(549, 18, 11, 2),
(550, 18, 12, 1),
(551, 18, 21, 2),
(552, 18, 18, 1),
(553, 18, 17, 3),
(554, 18, 5, 2),
(555, 18, 25, 1),
(556, 18, 22, 3),
(557, 18, 20, 2),
(558, 18, 28, 1),
(559, 18, 4, 3),
(560, 18, 15, 2),
(561, 18, 27, 1),
(562, 18, 30, 3),
(563, 18, 23, 2),
(564, 18, 26, 1),
(565, 18, 29, 3),
(566, 18, 33, 2),
(567, 18, 35, 1),
(568, 18, 32, 3),
(569, 18, 34, 2),
(570, 18, 50, 1),
(571, 18, 31, 3),
(572, 18, 24, 2),
(573, 19, 14, 1),
(574, 19, 8, 2),
(575, 19, 2, 3),
(576, 19, 12, 1),
(577, 19, 13, 3),
(578, 19, 25, 2),
(579, 19, 7, 1),
(580, 19, 11, 3),
(581, 19, 21, 2),
(582, 19, 10, 1),
(583, 19, 16, 3),
(584, 19, 22, 1),
(585, 19, 9, 2),
(586, 19, 19, 3),
(587, 19, 28, 1),
(588, 19, 17, 2),
(589, 19, 27, 3),
(590, 19, 26, 1),
(591, 19, 15, 2),
(592, 19, 6, 3),
(593, 19, 20, 2),
(594, 19, 5, 1),
(595, 19, 23, 3),
(596, 19, 18, 2),
(597, 19, 24, 1),
(598, 19, 29, 3),
(599, 19, 33, 1),
(600, 19, 35, 2),
(601, 19, 32, 3),
(602, 19, 50, 1),
(603, 19, 31, 2),
(604, 19, 34, 3),
(605, 19, 30, 1),
(606, 19, 40, 2),
(607, 20, 10, 2),
(608, 20, 4, 3),
(609, 20, 6, 1),
(610, 20, 5, 3),
(611, 20, 9, 2),
(612, 20, 1, 3),
(613, 20, 17, 1),
(614, 20, 15, 2),
(615, 20, 8, 3),
(616, 20, 3, 2),
(617, 20, 14, 1),
(618, 20, 7, 3),
(619, 20, 12, 2),
(620, 20, 13, 1),
(621, 20, 19, 3),
(622, 20, 22, 2),
(623, 20, 20, 1),
(624, 20, 28, 3),
(625, 20, 11, 1),
(626, 20, 21, 2),
(627, 20, 18, 1),
(628, 20, 16, 3),
(629, 20, 30, 2),
(630, 20, 37, 1),
(631, 20, 23, 3),
(632, 20, 25, 2),
(633, 20, 27, 1),
(634, 20, 26, 3),
(635, 20, 35, 2),
(636, 20, 33, 1),
(637, 20, 34, 2),
(638, 20, 50, 3),
(639, 20, 32, 1),
(640, 20, 40, 2),
(641, 21, 10, 1),
(642, 21, 6, 3),
(643, 21, 5, 2),
(644, 21, 14, 1),
(645, 21, 2, 3),
(646, 21, 3, 1),
(647, 21, 15, 2),
(648, 21, 12, 3),
(649, 21, 13, 1),
(650, 21, 9, 2),
(651, 21, 18, 3),
(652, 21, 19, 1),
(653, 21, 7, 3),
(654, 21, 4, 1),
(655, 21, 8, 2),
(656, 21, 22, 3),
(657, 21, 17, 1),
(658, 21, 16, 2),
(659, 21, 25, 1),
(660, 21, 11, 3),
(661, 21, 27, 2),
(662, 21, 28, 1),
(663, 21, 26, 3),
(664, 21, 30, 2),
(665, 21, 29, 1),
(666, 21, 33, 3),
(667, 21, 24, 2),
(668, 21, 50, 1),
(669, 21, 32, 3),
(670, 21, 34, 2),
(671, 21, 40, 1),
(672, 22, 7, 3),
(673, 22, 5, 2),
(674, 22, 6, 1),
(675, 22, 2, 3),
(676, 22, 9, 1),
(677, 22, 4, 3),
(678, 22, 8, 2),
(679, 22, 16, 1),
(680, 22, 11, 3),
(681, 22, 15, 2),
(682, 22, 12, 1),
(683, 22, 14, 3),
(684, 22, 13, 2),
(685, 22, 17, 1),
(686, 22, 3, 3),
(687, 22, 10, 2),
(688, 22, 19, 1),
(689, 22, 18, 3),
(690, 22, 27, 2),
(691, 22, 21, 1),
(692, 22, 30, 3),
(693, 22, 20, 2),
(694, 22, 33, 1),
(695, 22, 28, 3),
(696, 22, 29, 1),
(697, 22, 50, 2),
(698, 22, 23, 3),
(699, 22, 25, 1),
(700, 22, 24, 2),
(701, 22, 35, 1),
(702, 22, 40, 3),
(703, 22, 32, 2),
(704, 23, 33, 2),
(705, 23, 7, 1),
(706, 23, 46, 3),
(707, 23, 15, 1),
(708, 23, 28, 2),
(709, 23, 5, 3),
(710, 23, 21, 2),
(711, 23, 18, 1),
(712, 23, 4, 3),
(713, 23, 22, 1),
(714, 23, 9, 2),
(715, 23, 29, 1),
(716, 23, 14, 3),
(717, 23, 12, 2),
(718, 23, 37, 3),
(719, 23, 3, 1),
(720, 24, 2, 3),
(721, 24, 35, 1),
(722, 24, 48, 2),
(723, 24, 13, 1),
(724, 24, 6, 2),
(725, 24, 49, 3),
(726, 24, 31, 1),
(727, 24, 19, 2),
(728, 24, 45, 3),
(729, 24, 11, 1),
(730, 24, 27, 3),
(731, 24, 41, 2),
(732, 24, 38, 1),
(733, 24, 8, 3),
(734, 24, 26, 2),
(735, 24, 50, 1),
(736, 25, 16, 3),
(737, 25, 30, 2),
(738, 25, 42, 1),
(739, 25, 23, 2),
(740, 25, 10, 1),
(741, 25, 8, 3),
(742, 25, 43, 2),
(743, 25, 1, 1),
(744, 25, 40, 3),
(745, 25, 34, 1),
(746, 25, 25, 2),
(747, 25, 44, 1),
(748, 25, 17, 3),
(749, 25, 39, 2),
(750, 25, 12, 3),
(751, 25, 20, 1),
(836, 3, 47, 1),
(851, 4, 41, 0),
(854, 4, 24, 1),
(859, 4, 42, 3),
(895, 27, 4, 2),
(898, 27, 41, 3),
(900, 27, 42, 0),
(904, 27, 48, 3),
(909, 27, 43, 2),
(910, 27, 45, 2),
(911, 27, 11, 3),
(913, 27, 14, 1);

-- --------------------------------------------------------

--
-- 資料表結構 `replies`
--

CREATE TABLE `replies` (
  `id` int(11) NOT NULL,
  `story_id` int(11) NOT NULL,
  `user_id` int(11) NOT NULL,
  `content` text NOT NULL,
  `created_at` timestamp NOT NULL DEFAULT current_timestamp()
) ENGINE=InnoDB DEFAULT CHARSET=utf8mb4 COLLATE=utf8mb4_general_ci;

--
-- 傾印資料表的資料 `replies`
--

INSERT INTO `replies` (`id`, `story_id`, `user_id`, `content`, `created_at`) VALUES
(1, 1, 2, '這篇故事讓我回想起了我自己的童年，那時候也常和朋友一起在早晨的陽光下玩耍。感謝分享這份回憶！', '2025-06-10 02:00:00'),
(2, 2, 1, '這篇故事的描述讓我想起了許多夜晚，躺在草地上看星星的日子。真的很美好，謝謝你的分享！', '2025-06-11 03:30:00'),
(3, 3, 4, '雨天總是讓人心情平靜，讀完這篇文章我也想去找一個雨天散步。感謝你帶給我這麼美好的回憶！', '2025-06-12 06:00:00'),
(4, 4, 3, '每當夏天來臨，就會讓我回想起和朋友們在陽光下度過的時光。這篇故事很有感覺，謝謝！', '2025-06-13 07:30:00'),
(5, 5, 6, '這篇故事讓我想起了每年的秋天，夕陽下的景色總是讓人心情愉悅。感謝你的美麗描述！', '2025-06-14 08:00:00'),
(6, 6, 7, '冬天的清晨總是帶著一絲冷意，但卻能讓人感到格外的清新。謝謝你的故事，我喜歡這樣的清晨！', '2025-06-15 09:30:00'),
(7, 7, 8, '每年的春天都讓我充滿希望，這篇故事讓我回憶起那段美好的時光。謝謝你的分享！', '2025-06-16 10:00:00'),
(8, 8, 9, '每個早晨的咖啡總能帶來一天的好心情，這篇故事真的讓我想喝一杯咖啡！', '2025-06-17 11:00:00'),
(9, 9, 1, '這篇故事讓我想到了我最喜歡的湖泊，那裏的景色永遠讓我感到平靜。謝謝你分享這份寧靜！', '2025-06-18 12:30:00'),
(10, 10, 2, '都市的每條街道都有它自己的故事，這篇文章讓我重新感受到了都市的活力。謝謝！', '2025-06-19 13:00:00'),
(11, 11, 3, '這篇故事讓我想起了我自己的童年，每一段回憶都那麼獨特又美麗。謝謝分享！', '2025-06-20 14:00:00'),
(12, 12, 4, '這篇故事讓我夢想著遠方的海岸，感覺海浪的聲音就在耳邊。真是一個美麗的地方。', '2025-06-21 15:00:00'),
(13, 13, 2, '旅行讓我們更了解自己，也讓我們體會到世界的廣闊。這篇故事帶給我許多啟發，謝謝你！', '2025-06-21 16:00:00'),
(14, 14, 3, '陽光總是能夠驅散陰霾，讓人心情愉快。感謝你的故事，讓我也回想起那些陽光明媚的日子！', '2025-06-22 17:30:00'),
(15, 15, 4, '孤獨並不代表寂寞，反而是讓我們更了解自己。這篇故事帶給我很大的共鳴，謝謝你！', '2025-06-23 18:30:00'),
(16, 16, 1, '這篇故事讓我想到了我曾經遺忘的記憶，很多事情或許隨著時間褪色，但那份情感卻不曾改變。', '2025-06-24 19:30:00'),
(17, 17, 2, '春天的花開總是那麼美麗，每當看到繁花似錦的景象，我總會心情愉快。感謝你帶來這份美好的回憶！', '2025-06-25 20:00:00'),
(18, 18, 2, '夜晚的寧靜總是讓我感到放鬆，這篇故事讓我也想享受這份安靜的時光。謝謝你的分享！', '2025-06-26 21:00:00'),
(19, 19, 3, '秋風的涼意總是讓我感到舒適，這篇故事讓我回想起每年秋天的日子。謝謝你的美麗描述！', '2025-06-27 22:10:00'),
(20, 20, 4, '冬天總是讓人感到有些冷，但有時候，冬日的陽光又格外溫暖。這篇故事讓我感受到冬天的另一面。', '2025-06-28 23:40:00'),
(21, 21, 6, '旅行總是讓人變得更豁達，這篇故事讓我也想起了自己的旅行回憶。謝謝你的分享！', '2025-06-30 00:30:00'),
(22, 22, 7, '早晨的露珠總是那麼美麗，這篇故事讓我回想起清晨的第一縷陽光。謝謝你的分享！', '2025-07-01 01:00:00'),
(23, 23, 8, '孤獨的旅程總是充滿挑戰，但也充滿自我發現的機會。這篇故事讓我感同身受，謝謝！', '2025-07-02 02:00:00'),
(24, 24, 9, '海邊的日落真的讓人感到無比的寧靜和放鬆，這篇故事讓我又想起了我的海邊回憶。', '2025-07-03 03:20:00'),
(25, 25, 10, '山中的清流總是那麼平靜，讓人心境安寧。這篇故事讓我也回想起大自然的美麗。謝謝你的故事！', '2025-07-04 04:10:00'),
(26, 26, 11, '微風總是讓人感到舒適，這篇故事讓我想起了那些清新的瞬間。謝謝你的分享！', '2025-07-05 05:00:00'),
(27, 27, 12, '這篇故事讓我也反思自己在忙碌中的寧靜需求，找到屬於自己的平靜時刻，真的很重要。', '2025-07-06 06:30:00'),
(28, 28, 13, '彩虹總是帶來希望，這篇故事讓我也感受到那股令人期待的力量。謝謝你的分享！', '2025-07-07 07:00:00'),
(29, 29, 14, '湖面的寧靜總是讓人沉澱心情，這篇故事讓我也回想起那些靜謐的湖邊時光。', '2025-07-08 08:00:00'),
(30, 30, 15, '星空總是令人向往，每一次仰望都會讓人感到渺小，卻也充滿希望。謝謝你的故事！', '2025-07-09 09:10:00'),
(31, 31, 16, '秋天的景色總是那麼美麗，這篇故事讓我回想起了每年秋天的美好。', '2025-07-10 10:20:00'),
(32, 32, 17, '冬天的雪花總是那麼純潔，這篇故事讓我想起了雪中漫步的日子。', '2025-07-11 11:30:00'),
(33, 33, 18, '風的聲音總是那麼舒緩，這篇故事讓我感受到大自然的溫柔。謝謝！', '2025-07-12 12:00:00'),
(34, 34, 19, '黃昏的光影總是充滿詩意，這篇故事讓我回想起那些美麗的傍晚時光。', '2025-07-13 13:10:00'),
(35, 35, 20, '古老的樹總是充滿智慧，這篇故事讓我也想起了那些在大樹下度過的時光。', '2025-07-14 14:30:00'),
(36, 36, 21, '這篇故事讓我回想起自己的家鄉，很多事情隨著時間流逝，但記憶總是那麼清晰。', '2025-07-15 15:00:00'),
(37, 37, 22, '夜晚的燈火總是讓人感到溫暖，這篇故事讓我也想起了那個燈光璀璨的城市。', '2025-07-15 16:10:00'),
(38, 38, 23, '清晨的光線總是帶來新的開始，這篇故事讓我也感受到早晨的美好。', '2025-07-16 17:20:00'),
(39, 39, 24, '春天的花朵總是讓人感到希望，這篇故事讓我回想起了那些美麗的春日時光。', '2025-07-17 18:40:00'),
(40, 40, 25, '雨天總是讓人放慢腳步，這篇故事讓我也想起了那段靜謐的時光。', '2025-07-18 20:00:00'),
(41, 41, 1, '彩虹總是帶來希望，這篇故事讓我回想起那個雨後的瞬間。', '2025-07-19 21:30:00'),
(42, 42, 2, '這篇故事讓我也感受到夜晚的靜謐與安慰，真是美好。', '2025-07-20 22:10:00'),
(43, 43, 3, '失落的時光總是讓人難以忘懷，這篇故事讓我也回憶起自己心中的那些時光。', '2025-07-21 23:30:00'),
(44, 44, 4, '海邊的日落總是讓人心靈放鬆，這篇故事讓我也感受到那份寧靜的美好。', '2025-07-23 00:40:00'),
(45, 45, 5, '薄霧中的清晨總是讓人感到神秘，這篇故事讓我也想起了那些美麗的清晨時光。', '2025-07-24 01:00:00'),
(46, 48, 27, '我設了\r\n', '2025-06-01 08:10:26'),
(47, 53, 27, 'aasdasd', '2025-06-01 11:20:53'),
(48, 58, 27, 'aads', '2025-06-01 17:29:14');

-- --------------------------------------------------------

--
-- 資料表結構 `stories`
--

CREATE TABLE `stories` (
  `id` int(11) NOT NULL,
  `user_id` int(11) NOT NULL,
  `title` varchar(100) NOT NULL,
  `tag` varchar(20) NOT NULL,
  `content` text NOT NULL,
  `created_at` timestamp NOT NULL DEFAULT current_timestamp() ON UPDATE current_timestamp(),
  `status` enum('unassigned','assigned','answered') DEFAULT 'unassigned'
) ENGINE=InnoDB DEFAULT CHARSET=utf8mb4 COLLATE=utf8mb4_general_ci;

--
-- 傾印資料表的資料 `stories`
--

INSERT INTO `stories` (`id`, `user_id`, `title`, `tag`, `content`, `created_at`, `status`) VALUES
(1, 1, '回憶中的清晨', '回憶', '清晨的陽光灑在窗台上，帶來一天的希望。那段時間的記憶總是特別清晰，像是一幅畫，永遠停留在心中。', '2025-05-31 18:47:36', 'answered'),
(2, 2, '夜晚的星空', '星空', '當夜幕降臨，滿天的星星彷彿在訴說著無盡的故事。那些靜謐的夜晚，是我最喜愛的時光。', '2025-05-31 18:50:40', 'answered'),
(3, 3, '漫步在雨中', '雨天', '下著細細的雨，我在街道上漫步。每一步都能感受到雨水輕輕拍打地面，這份寧靜讓我心情舒暢。', '2025-05-31 18:50:40', 'answered'),
(4, 4, '夏日午後的故事', '夏天', '炎熱的夏日午後，我和朋友們聚在一起，分享各自的故事和心情。那段時光總是讓人感到溫暖。', '2025-05-31 19:03:19', 'answered'),
(5, 5, '秋天的夕陽', '秋天', '秋天的夕陽是最美的，金色的光輝灑在大地上，讓整個世界都變得柔和而溫暖。', '2025-05-31 18:50:40', 'answered'),
(6, 6, '冬日的晨曦', '冬天', '寒冷的冬天早晨，陽光穿過霧氣，映照在冰雪覆蓋的大地上，世界彷彿被這一束光照亮。', '2025-05-31 18:50:40', 'answered'),
(7, 7, '春天的氣息', '春天', '春天來了，萬物復蘇。花朵盛開，空氣中彌漫著泥土的芬芳，讓人感到格外清新。', '2025-05-31 18:50:40', 'answered'),
(8, 8, '早晨的咖啡', '咖啡', '早晨的第一杯咖啡，是一天中最重要的時刻。那份香氣，讓人清醒又充滿力量。', '2025-05-31 18:50:40', 'answered'),
(9, 1, '寧靜的湖泊', '湖泊', '湖面如鏡，倒映著藍天白雲。四周環繞著青山，彷彿進入了一個寧靜的世外桃源。', '2025-05-31 18:50:40', 'answered'),
(10, 2, '城市的街道', '城市', '繁忙的城市街道，車水馬龍。每一天都充滿了無窮的活力，讓人難以停止腳步。', '2025-05-31 18:50:40', 'answered'),
(11, 3, '舊時光的回憶', '回憶', '那些舊時光總是帶著些許的遺憾，但也因為這些遺憾才顯得特別珍貴。每次回想，都是一段美麗的歷史。', '2025-05-31 18:50:40', 'answered'),
(12, 4, '遙遠的海岸', '海洋', '海岸線的浪花輕拍著沙灘，遠方的海天一色，彷彿世界的一切都在此交匯。那是一種無法言喻的寧靜。', '2025-05-31 18:50:40', 'answered'),
(13, 1, '追尋的足跡', '旅行', '在荒野中，我尋著腳印前行，每一步都滿載著期待。這段旅程讓我看到了世界的美麗，也讓我更加懂得珍惜每個當下。', '2025-05-31 18:50:40', 'answered'),
(14, 2, '陽光下的笑臉', '快樂', '在陽光明媚的日子裡，我與朋友們笑語盈盈，所有的煩憂似乎都隨著陽光蒸發。這就是生活中最簡單的幸福。', '2025-05-31 18:50:40', 'answered'),
(15, 3, '獨自一人', '孤獨', '有時候，獨自一人走在街頭，周圍的喧囂都像是與我無關。孤獨並不令人害怕，它讓我學會了如何與自己相處。', '2025-05-31 18:50:40', 'answered'),
(16, 4, '失落的記憶', '回憶', '有些記憶隨著時間而淡去，但有些卻始終清晰。每當想起那些失落的片段，心中總是會湧上一陣難以言喻的感傷。', '2025-05-31 18:50:40', 'answered'),
(17, 5, '繁花似錦', '春天', '春天的花開得特別燦爛，百花齊放，整個世界都充滿了生機與希望。那時的景色，總是讓人心生嚮往。', '2025-05-31 18:50:40', 'answered'),
(18, 2, '深夜的寧靜', '夜晚', '深夜，萬籟俱寂。月光透過窗簾灑在地上，這一刻的寧靜讓我感到無比放鬆，彷彿所有的煩憂都被時間沖淡。', '2025-05-31 18:50:40', 'answered'),
(19, 3, '秋風', '秋天', '秋天的風帶著一絲涼意，輕輕拂過臉龐。這是我最喜歡的季節，因為它總是讓我感到安靜與沉思。', '2025-05-31 18:50:40', 'answered'),
(20, 4, '冬日的午後', '冬天', '寒冷的冬日午後，陽光透過窗子灑進屋內，溫暖的感覺讓一切都變得格外舒適。', '2025-05-31 18:50:40', 'answered'),
(21, 5, '難忘的旅行', '旅行', '每一次的旅行，都帶給我不同的感動。每個陌生的地方，總是能讓我學到新事物，並帶回無數的回憶。', '2025-05-31 18:50:40', 'answered'),
(22, 6, '清晨的露珠', '自然', '清晨的露珠如同珠寶般閃爍，微風輕拂過草地，一切都顯得格外清新。這樣的早晨，是一天中最美好的時光。', '2025-05-31 18:50:40', 'answered'),
(23, 7, '孤獨的旅程', '孤獨', '孤獨的旅行有時候是最好的選擇。沒有任何的打擾，只有自己的思緒陪伴著我，每一步都像是重新認識自己。', '2025-05-31 18:50:40', 'answered'),
(24, 8, '日落的海邊', '海邊', '每一次在海邊看日落，總是讓我感到心靈的放鬆。橘紅色的夕陽慢慢沉入海平線，那一刻，世界變得靜止。', '2025-05-31 18:50:40', 'answered'),
(25, 9, '山中的清流', '大自然', '在山中，我聽見了清流的聲音，水流順著岩石一路向下，發出悠揚的響聲。這樣的景象讓人感到格外平靜。', '2025-05-31 18:50:40', 'answered'),
(26, 10, '微風拂過', '清新', '微風輕輕吹過，帶著夏天的氣息，這一刻的清新讓我不由自主地深呼吸。這樣的時光總是那麼短暫，卻也最美麗。', '2025-05-31 18:50:40', 'answered'),
(27, 11, '尋找心靈的寧靜', '自我', '有時候，只有靜下心來，才能聽見內心的聲音。尋找寧靜的過程不容易，但卻讓我更加認識自己。', '2025-05-31 18:51:43', 'answered'),
(28, 12, '彩虹的盡頭', '希望', '每當看到彩虹，我總會想象著它的盡頭隱藏著什麼。也許是希望，也許是未知的美麗，但那份期待總是讓人心生憧憬。', '2025-05-31 18:51:43', 'answered'),
(29, 13, '寂靜的湖面', '安靜', '湖面像一面鏡子，寧靜而美麗。每當坐在湖邊，聽著水波輕輕拍打岸邊，所有的思緒都被這份寧靜包圍。', '2025-05-31 18:51:43', 'answered'),
(30, 14, '遙遠的星空', '夜空', '每當夜幕降臨，星空便展現出它最美的面貌。仰望著繁星點點，我總會心生遙遠的夢想。', '2025-05-31 18:51:43', 'answered'),
(31, 15, '秋意濃', '秋天', '秋天帶來了濃濃的氣息，涼爽的風與金黃的落葉，讓我想起那些溫暖的時光。每一片落葉都是一段記憶。', '2025-05-31 18:52:18', 'answered'),
(32, 16, '雪花飛舞', '冬天', '每當冬天來臨，雪花飄落的時候，世界似乎都變得寧靜。每一片雪花都像是大自然的禮物，輕輕地落在肩頭。', '2025-05-31 18:52:18', 'answered'),
(33, 17, '風的低語', '自然', '風輕輕地吹過，帶著大地的氣息。它似乎在對我低語，告訴我一些只有自然才知道的秘密。', '2025-05-31 18:52:18', 'answered'),
(34, 18, '黃昏的光影', '黃昏', '黃昏的光線總是那麼柔和，讓人不由自主地放慢腳步。那時的景象，像是畫中的一幅美景，讓人心生向往。', '2025-05-31 18:52:18', 'answered'),
(35, 19, '古老的樹', '自然', '在森林中，我看見了一棵古老的樹，它見證了歲月的流逝。樹的枝葉隨著風舞動，它彷彿是大自然的守護者。', '2025-05-31 18:52:18', 'answered'),
(36, 20, '記憶中的街道', '回憶', '那條街道，是我童年的記憶。每一個角落都充滿了回憶，每當我走過這裡，心中總會湧上一股莫名的情感。', '2025-05-31 18:52:18', 'answered'),
(37, 21, '夜晚的燈火', '夜晚', '夜晚的城市燈火通明，每一盞燈似乎都在講述著自己的故事。這些燈光讓我感到一種奇妙的安慰，仿佛有著無數的故事等著我去聆聽。', '2025-05-31 18:52:18', 'answered'),
(38, 22, '晨光初現', '早晨', '清晨，陽光從窗外灑進來，照亮了整個房間。這樣的光線總是讓人心情愉悅，充滿希望。', '2025-05-31 18:52:18', 'answered'),
(39, 23, '繁花似錦', '春天', '春天來臨，百花爭艷。每一朵花都像是一個故事，開放著自己的美麗。春天的氣息總是那麼清新，令人心情愉悅。', '2025-05-31 18:52:18', 'answered'),
(40, 24, '雨中的世界', '雨天', '雨滴輕輕打在窗戶上，外面的世界被雨水洗滌過，顯得格外清新。這樣的雨天總是讓人感到平靜。', '2025-05-31 18:52:18', 'answered'),
(41, 25, '雨後的彩虹', '自然', '經過一場突如其來的暴雨，天空逐漸放晴，彩虹緩緩出現。那一刻，世界彷彿重新綻放光彩。', '2025-05-31 18:52:53', 'answered'),
(42, 1, '沉默的夜晚', '夜晚', '夜晚的沉默讓我感到格外放鬆。月光靜靜地灑在大地上，只有微風輕拂，夜晚的美麗就在這份靜謐中顯現。', '2025-05-31 18:52:53', 'answered'),
(43, 2, '失落的時光', '回憶', '有些時光似乎永遠無法追回，但它們卻永遠留在記憶裡，成為了心中最深刻的痕跡。', '2025-05-31 18:52:53', 'answered'),
(44, 3, '海邊的日落', '海洋', '站在海邊，眼前的日落美得讓人屏息。海風輕輕吹過，沙灘上的腳印隨著潮水消失，只有那片光輝的夕陽永遠不會遺忘。', '2025-05-31 18:52:53', 'answered'),
(45, 4, '清晨的薄霧', '清晨', '清晨，薄霧籠罩著大地，世界似乎沉浸在一片神秘的氛圍中。這樣的時刻總是讓我感到無比平靜。', '2025-05-31 18:52:53', 'answered'),
(46, 5, '溫暖的擁抱', '愛情', '在寒冷的冬日裡，最溫暖的就是一個擁抱。那份溫暖似乎能穿越時間與空間，讓一切都變得更加美好。', '2025-06-01 08:10:04', 'assigned'),
(47, 6, '迷失的迷宮', '冒險', '走進迷宮，我似乎迷失了方向。但每一個轉角都帶來新的驚喜。迷失，有時反而是一種奇妙的探索。', '2025-06-01 08:09:43', 'assigned'),
(48, 7, '春風的耳語', '春天', '春風輕拂過臉頰，帶來了大自然的祝福。那微弱的耳語，彷彿是大地在對我訴說什麼故事。', '2025-06-01 08:10:26', 'answered'),
(49, 8, '遠方的呼喚', '旅行', '遠方的風景總是那麼誘人，讓我渴望踏上旅程，去探索未知的世界。每一步都帶來新的冒險與收穫。', '2025-06-01 08:10:26', 'assigned'),
(50, 9, '回到故鄉', '故鄉', '回到久違的故鄉，總是充滿了熟悉的味道。每一條小巷，每一間老屋，都帶著童年的回憶，彷彿一切都沒有變。', '2025-06-01 08:09:56', 'assigned'),
(51, 27, 'ljl', 'mlmlk', 'lkmlkm', '2025-06-01 10:05:13', 'assigned'),
(52, 27, 'wqdqwd', 'qwdqwd', 'qwdqwdqwdq', '2025-06-01 09:55:22', 'assigned'),
(53, 28, '123212', '1312', '1231', '2025-06-01 11:20:53', 'answered'),
(54, 27, 'qwdeq', 'eqweq', 'qweqwe', '2025-06-01 11:37:11', 'assigned'),
(55, 27, 'da', 'da', 'adsa', '2025-06-01 17:21:32', 'assigned'),
(56, 28, 'dww', 'qdwqwd', 'qwdqwdq', '2025-06-01 17:25:22', 'assigned'),
(57, 27, 'dwqd', 'dqwdq', 'qwdqwd', '2025-06-01 17:26:17', 'assigned'),
(58, 28, 'ddd', 'dddd', 'dddd', '2025-06-01 17:29:14', 'answered'),
(59, 27, 'dadsa', 'asdas', 'dasdasd', '2025-06-01 17:30:57', 'assigned'),
(60, 6, '2', '3', '4', '2026-04-01 03:54:26', 'unassigned');

-- --------------------------------------------------------

--
-- 資料表結構 `users`
--

CREATE TABLE `users` (
  `id` int(11) NOT NULL,
  `username` varchar(50) NOT NULL,
  `password` varchar(255) NOT NULL,
  `nickname` varchar(100) DEFAULT NULL,
  `avatar` varchar(100) DEFAULT NULL
) ENGINE=InnoDB DEFAULT CHARSET=utf8mb4 COLLATE=utf8mb4_general_ci;

--
-- 傾印資料表的資料 `users`
--

INSERT INTO `users` (`id`, `username`, `password`, `nickname`, `avatar`) VALUES
(1, 'testuser', 'test123', 'TEST', NULL),
(2, 'qwerty', 'qwerty', 'QWERTY', NULL),
(3, 'deviloia', 'deviloia', '鄰家俊', NULL),
(4, 'kevin2043', 'kevin2043', '張凱文', NULL),
(5, 'alice', 'alice123', '艾莉絲', NULL),
(6, 'bob', 'bob123', '包柏', NULL),
(7, 'charlie', 'charlie123', '查理', NULL),
(8, 'diana', 'diana123', '黛安娜', NULL),
(9, 'edward', 'edward123', '愛德華', NULL),
(10, 'fiona', 'fiona123', '費歐娜', NULL),
(11, 'george', 'george123', '喬治', NULL),
(12, 'hannah', 'hannah123', '漢那', NULL),
(13, 'ivan', 'ivan123', '伊凡', NULL),
(14, 'julia', 'julia123', '茱莉亞', NULL),
(15, 'karl', 'karl123', '卡爾', NULL),
(16, 'lisa', 'lisa123', '麗莎', NULL),
(17, 'mike', 'mike123', '麥克', NULL),
(18, 'nina', 'nina123', '尼娜', NULL),
(19, 'oscar', 'oscar123', '奧斯卡', NULL),
(20, 'paula', 'paula123', '寶拉', NULL),
(21, 'quinn', 'quinn123', '奎恩', NULL),
(22, 'rachel', 'rachel123', '瑞秋', NULL),
(23, 'sam', 'sam123', '山姆', NULL),
(24, 'tina', 'tina123', '提納', NULL),
(25, 'victor', 'victor123', '維多', NULL),
(26, '1w2', '12321', NULL, NULL),
(27, 'a', 'a', 'GG', 'avatar_a.png'),
(28, 'b', 'b', NULL, NULL);

--
-- 已傾印資料表的索引
--

--
-- 資料表索引 `reactions`
--
ALTER TABLE `reactions`
  ADD PRIMARY KEY (`id`),
  ADD UNIQUE KEY `unique_reaction` (`user_id`,`story_id`),
  ADD UNIQUE KEY `unique_user_story` (`user_id`,`story_id`),
  ADD KEY `idx_user_id` (`user_id`),
  ADD KEY `idx_story_id` (`story_id`);

--
-- 資料表索引 `replies`
--
ALTER TABLE `replies`
  ADD PRIMARY KEY (`id`),
  ADD KEY `idx_story_id` (`story_id`),
  ADD KEY `idx_user_id` (`user_id`);

--
-- 資料表索引 `stories`
--
ALTER TABLE `stories`
  ADD PRIMARY KEY (`id`),
  ADD KEY `idx_user_id` (`user_id`);

--
-- 資料表索引 `users`
--
ALTER TABLE `users`
  ADD PRIMARY KEY (`id`),
  ADD UNIQUE KEY `username` (`username`);

--
-- 在傾印的資料表使用自動遞增(AUTO_INCREMENT)
--

--
-- 使用資料表自動遞增(AUTO_INCREMENT) `reactions`
--
ALTER TABLE `reactions`
  MODIFY `id` int(11) NOT NULL AUTO_INCREMENT, AUTO_INCREMENT=916;

--
-- 使用資料表自動遞增(AUTO_INCREMENT) `replies`
--
ALTER TABLE `replies`
  MODIFY `id` int(11) NOT NULL AUTO_INCREMENT, AUTO_INCREMENT=49;

--
-- 使用資料表自動遞增(AUTO_INCREMENT) `stories`
--
ALTER TABLE `stories`
  MODIFY `id` int(11) NOT NULL AUTO_INCREMENT, AUTO_INCREMENT=61;

--
-- 使用資料表自動遞增(AUTO_INCREMENT) `users`
--
ALTER TABLE `users`
  MODIFY `id` int(11) NOT NULL AUTO_INCREMENT, AUTO_INCREMENT=29;

--
-- 已傾印資料表的限制式
--

--
-- 資料表的限制式 `reactions`
--
ALTER TABLE `reactions`
  ADD CONSTRAINT `fk_reactions_story` FOREIGN KEY (`story_id`) REFERENCES `stories` (`id`) ON DELETE CASCADE ON UPDATE CASCADE,
  ADD CONSTRAINT `fk_reactions_user` FOREIGN KEY (`user_id`) REFERENCES `users` (`id`) ON DELETE CASCADE ON UPDATE CASCADE;

--
-- 資料表的限制式 `replies`
--
ALTER TABLE `replies`
  ADD CONSTRAINT `fk_replies_story` FOREIGN KEY (`story_id`) REFERENCES `stories` (`id`) ON DELETE CASCADE ON UPDATE CASCADE,
  ADD CONSTRAINT `fk_replies_user` FOREIGN KEY (`user_id`) REFERENCES `users` (`id`) ON DELETE CASCADE ON UPDATE CASCADE;

--
-- 資料表的限制式 `stories`
--
ALTER TABLE `stories`
  ADD CONSTRAINT `fk_stories_user` FOREIGN KEY (`user_id`) REFERENCES `users` (`id`) ON DELETE CASCADE ON UPDATE CASCADE;
COMMIT;

/*!40101 SET CHARACTER_SET_CLIENT=@OLD_CHARACTER_SET_CLIENT */;
/*!40101 SET CHARACTER_SET_RESULTS=@OLD_CHARACTER_SET_RESULTS */;
/*!40101 SET COLLATION_CONNECTION=@OLD_COLLATION_CONNECTION */;
